City_ID,City,Country,Lat,Lng,Max Temp,Humidity,Cloudiness,Wind Speed,Current Description
0,Hobart,AU,-42.8794,147.3294,50.11,75,40,3.0,light rain
1,Usinsk,RU,65.9939,57.5281,34.86,93,64,11.07,broken clouds
2,Xam Nua,LA,20.4197,104.0439,64.65,86,99,1.43,overcast clouds
3,Hermanus,ZA,-34.4187,19.2345,54.9,82,43,3.53,scattered clouds
4,Faanui,PF,-16.4833,-151.75,76.84,64,69,12.64,broken clouds
5,Cidreira,BR,-30.1811,-50.2056,61.88,72,74,13.24,broken clouds
6,Lorengau,PG,-2.0226,147.2712,83.71,71,89,11.83,overcast clouds
7,Nador,MA,35.174,-2.9287,73.65,78,0,4.61,clear sky
8,Te Anau,NZ,-45.4167,167.7167,40.73,92,86,2.62,overcast clouds
9,Barrow,US,71.2906,-156.7887,37.42,87,90,13.8,fog
10,Victoria,HK,22.2855,114.1577,84.96,85,24,1.01,few clouds
11,Ushuaia,AR,-54.8,-68.3,37.81,92,95,3.2,light rain
12,Vaini,TO,-21.2,-175.2,72.19,79,100,16.17,overcast clouds
13,Rio Gallegos,AR,-51.6226,-69.2181,44.87,50,100,15.32,overcast clouds
14,Busselton,AU,-33.65,115.3333,47.08,87,36,11.52,scattered clouds
15,Mataura,NZ,-46.1927,168.8643,43.48,94,88,6.11,overcast clouds
16,Alice Springs,AU,-23.7,133.8833,49.55,46,4,0.0,clear sky
17,Vostok,RU,46.4856,135.8833,54.03,92,85,1.77,overcast clouds
18,Tudela,ES,42.0617,-1.6045,71.47,62,68,7.61,broken clouds
19,Albany,US,42.6001,-73.9662,70.03,50,13,11.97,few clouds
20,Panguna,PG,-6.3164,155.4848,76.69,72,18,2.48,few clouds
21,Rikitea,PF,-23.1203,-134.9692,73.42,78,43,11.23,light rain
22,Fairview,US,40.8126,-73.999,75.29,44,1,13.0,clear sky
23,Lanja,IN,16.85,73.55,73.17,98,87,2.35,overcast clouds
24,Atuona,PF,-9.8,-139.0333,78.39,72,15,17.78,few clouds
25,Vestmanna,FO,62.1564,-7.1664,49.12,81,90,8.05,overcast clouds
26,Ust-Nera,RU,64.5667,143.2,41.07,41,17,3.78,few clouds
27,Broken Hill,AU,-31.95,141.4333,65.91,15,0,13.8,clear sky
28,Hofn,IS,64.2539,-15.2082,52.79,65,51,5.08,broken clouds
29,Jamestown,US,42.097,-79.2353,67.08,72,23,7.34,few clouds
30,Bredasdorp,ZA,-34.5322,20.0403,52.29,96,99,3.31,overcast clouds
31,Ribeira Grande,PT,38.5167,-28.7,70.52,71,47,17.45,scattered clouds
32,Chokurdakh,RU,70.6333,147.9167,33.46,68,59,6.96,broken clouds
33,Vinh,VN,18.6667,105.6667,76.69,87,96,5.59,overcast clouds
34,Ponta Do Sol,PT,32.6667,-17.1,76.01,85,28,0.67,scattered clouds
35,Roblin,CA,51.23,-101.3565,70.45,38,58,18.07,broken clouds
36,Darab,IR,28.7519,54.5444,77.77,17,5,9.26,clear sky
37,Norman Wells,CA,65.282,-126.8329,58.53,56,100,15.21,overcast clouds
38,Provideniya,RU,64.3833,-173.3,41.49,97,100,4.74,heavy intensity rain
39,Lebu,CL,-37.6167,-73.65,53.46,85,100,1.7,light rain
40,Kahului,US,20.8947,-156.47,79.74,63,79,7.74,broken clouds
41,Hilo,US,19.7297,-155.09,84.27,72,99,1.99,overcast clouds
42,Dikson,RU,73.5069,80.5464,40.44,97,100,9.1,light rain
43,Lagos,NG,6.5833,3.75,79.12,91,99,3.13,overcast clouds
44,Shieli,KZ,44.1667,66.75,59.9,27,0,6.76,clear sky
45,Castro,BR,-24.7911,-50.0119,61.3,40,4,4.38,clear sky
46,Shevchenkove,UA,49.6959,37.1735,58.78,57,7,7.76,clear sky
47,Kawalu,ID,-7.3817,108.2082,70.92,96,85,0.65,overcast clouds
48,Saint-Joseph,RE,-21.3667,55.6167,66.56,77,24,9.24,few clouds
49,Port Alfred,ZA,-33.5906,26.891,66.83,69,24,10.67,few clouds
50,Arraial Do Cabo,BR,-22.9661,-42.0278,71.55,94,90,12.84,overcast clouds
51,Talnakh,RU,69.4865,88.3972,43.86,81,75,14.54,broken clouds
52,Lompoc,US,34.6391,-120.4579,92.01,74,75,8.99,broken clouds
53,Kimbe,PG,-5.5502,150.1429,79.39,81,81,2.53,broken clouds
54,Puerto Ayora,EC,-0.7393,-90.3518,71.55,85,92,8.99,overcast clouds
55,Bambous Virieux,MU,-20.3428,57.7575,67.21,76,10,11.77,clear sky
56,Butaritari,KI,3.0707,172.7902,83.79,72,24,15.32,light rain
57,Albanel,CA,48.8832,-72.4487,58.98,63,91,13.8,overcast clouds
58,Qaanaaq,GL,77.484,-69.3632,19.98,69,71,5.84,broken clouds
59,Ruteng,ID,-8.6136,120.4721,60.44,92,38,1.3,scattered clouds
60,Mar Del Plata,AR,-38.0023,-57.5575,50.59,95,39,7.7,scattered clouds
61,Saint-Leu,RE,-21.15,55.2833,67.03,77,13,11.3,few clouds
62,Acarau,BR,-2.8856,-40.12,78.46,81,18,15.1,few clouds
63,Mahebourg,MU,-20.4081,57.7,67.24,77,13,11.68,few clouds
64,East London,ZA,-33.0153,27.9116,74.88,49,96,8.99,overcast clouds
65,Banepa,NP,27.6298,85.5214,68.32,94,75,2.3,broken clouds
66,Warri,NG,5.5167,5.75,77.14,91,100,2.93,overcast clouds
67,Qeshm,IR,26.9581,56.2719,87.67,76,11,3.09,few clouds
68,Suamico,US,44.6319,-88.0393,77.77,55,40,6.91,scattered clouds
69,Severo-Kurilsk,RU,50.6789,156.125,49.03,58,37,21.32,scattered clouds
70,Cape Town,ZA,-33.9258,18.4232,55.89,83,0,1.99,clear sky
71,Avarua,CK,-21.2078,-159.775,78.85,73,44,10.36,scattered clouds
72,Westport,US,41.1415,-73.3579,74.95,51,0,1.99,clear sky
73,Khatanga,RU,71.9667,102.5,50.27,67,49,11.97,scattered clouds
74,Margate,GB,51.3813,1.3862,64.69,96,47,14.56,scattered clouds
75,Port Lincoln,AU,-34.7333,135.8667,56.95,87,18,11.92,few clouds
76,Katsuura,JP,35.1333,140.3,73.51,79,74,4.61,broken clouds
77,Klaksvik,FO,62.2266,-6.589,50.92,74,42,7.61,scattered clouds
78,Mali,GN,12.079,-12.2982,58.44,96,88,3.36,overcast clouds
79,Gat,IL,31.61,34.7642,77.68,60,74,10.09,broken clouds
80,Osa,RU,57.2829,55.4567,43.09,80,99,8.59,overcast clouds
81,Georgetown,MY,5.4112,100.3354,80.89,86,20,2.3,haze
82,Hithadhoo,MV,-0.6,73.0833,82.81,69,43,4.43,scattered clouds
83,Airai,TL,-8.9266,125.4092,58.86,68,38,2.95,scattered clouds
84,Arlit,NE,18.7369,7.3853,98.82,12,98,13.06,overcast clouds
85,Paita,PE,-5.0892,-81.1144,67.17,81,26,14.56,scattered clouds
86,Lata,PT,40.1629,-8.3327,66.81,91,41,0.67,scattered clouds
87,Kodiak,US,57.79,-152.4072,55.67,69,75,11.45,broken clouds
88,Punta Arenas,CL,-53.15,-70.9167,46.51,49,0,26.46,clear sky
89,Omsukchan,RU,62.5333,155.8,27.9,81,100,12.86,overcast clouds
90,Cabo San Lucas,MX,22.8909,-109.9124,87.51,76,100,1.01,overcast clouds
91,Pevek,RU,69.7008,170.3133,31.48,71,84,12.03,broken clouds
92,Ilo,PE,-17.6394,-71.3375,62.2,79,12,5.55,few clouds
93,Varzelandia,BR,-15.7014,-44.0275,81.05,17,12,1.39,few clouds
94,New Norfolk,AU,-42.7826,147.0587,49.75,64,84,3.42,broken clouds
95,Iskilip,TR,40.7353,34.4739,58.98,89,2,7.16,clear sky
96,Seoul,KR,37.5683,126.9778,69.24,94,75,1.14,fog
97,Bayangol,RU,50.6977,103.4656,38.97,97,100,2.51,overcast clouds
98,Hovd,MN,48.0056,91.6419,52.92,38,100,5.55,overcast clouds
99,Bluff,NZ,-46.6,168.3333,43.81,75,61,15.12,broken clouds
100,Katima Mulilo,NA,-17.5,24.2667,68.58,39,0,5.53,clear sky
101,Saldanha,ZA,-33.0117,17.9442,54.86,93,51,8.34,broken clouds
102,Haines Junction,CA,60.7522,-137.5108,55.31,58,93,4.56,overcast clouds
103,Gamba,GA,-2.65,10.0,75.58,87,21,4.52,few clouds
104,Mayumba,GA,-3.432,10.6554,75.67,89,27,6.98,scattered clouds
105,Ixtapa,MX,20.7,-105.2,86.23,83,98,4.0,overcast clouds
106,Nikolskoye,RU,59.7035,30.7861,47.01,81,68,4.45,broken clouds
107,Mocoa,CO,1.1493,-76.6466,77.76,88,51,2.73,broken clouds
108,Saskylakh,RU,71.9167,114.0833,53.35,67,60,7.92,broken clouds
109,Fomboni,KM,-12.28,43.7425,77.29,73,6,12.62,clear sky
110,Srandakan,ID,-7.9386,110.2506,75.7,90,98,8.7,overcast clouds
111,Bengkulu,ID,-3.8004,102.2655,75.02,86,100,3.91,overcast clouds
112,Zelenogorskiy,RU,55.0333,87.0,48.72,63,96,9.78,overcast clouds
113,Kieta,PG,-6.2167,155.6333,82.89,74,15,7.47,light rain
114,Darhan,MN,49.4867,105.9228,45.61,84,99,6.78,overcast clouds
115,Oulainen,FI,64.2667,24.8,49.26,83,100,3.49,overcast clouds
116,Monze,ZM,-16.2833,27.4833,66.24,56,50,10.25,scattered clouds
117,Batemans Bay,AU,-35.7167,150.1833,55.9,46,8,8.16,clear sky
118,Esperance,AU,-33.8667,121.9,54.32,80,41,14.54,scattered clouds
119,Malakal,SS,9.5334,31.6605,71.19,94,14,3.4,few clouds
120,Beringovskiy,RU,63.05,179.3167,39.78,93,100,6.8,overcast clouds
121,Half Moon Bay,US,37.4636,-122.4286,89.58,76,1,13.8,clear sky
122,Saint-Philippe,RE,-21.3585,55.7679,67.55,77,42,8.28,scattered clouds
123,Burdur,TR,37.7203,30.2908,63.3,63,75,12.66,broken clouds
124,Terekli-Mekteb,RU,44.1671,45.8698,63.03,70,0,7.99,clear sky
125,Merauke,ID,-8.4667,140.3333,77.54,87,100,8.93,overcast clouds
126,Kununurra,AU,-15.7667,128.7333,60.78,77,4,0.0,clear sky
127,Mahajanga,MG,-15.7167,46.3167,71.62,53,20,8.05,few clouds
128,Evensk,RU,61.95,159.2333,40.24,48,89,10.38,overcast clouds
129,Broome,US,42.2506,-75.833,68.67,62,24,3.0,few clouds
130,Oudtshoorn,ZA,-33.5907,22.2014,55.76,55,54,1.81,broken clouds
131,Thompson,CA,55.7435,-97.8558,60.96,55,75,20.71,broken clouds
132,Barentu,ER,15.1139,37.5928,69.03,86,96,3.31,overcast clouds
133,Mao,ES,39.8885,4.2658,72.16,88,20,4.61,few clouds
134,Pamekasan,ID,-7.1568,113.4746,78.91,80,82,7.76,broken clouds
135,Kiama,AU,-34.6833,150.8667,66.25,65,0,5.7,clear sky
136,Yellowknife,CA,62.456,-114.3525,52.86,46,16,0.4,few clouds
137,Torbay,CA,47.6666,-52.7314,67.28,97,90,20.71,light intensity drizzle
138,Tiksi,RU,71.6872,128.8694,44.89,74,77,8.55,broken clouds
139,Richards Bay,ZA,-28.783,32.0377,64.2,68,5,17.54,clear sky
140,Cap Malheureux,MU,-19.9842,57.6142,67.46,77,0,3.0,clear sky
141,Madang,PG,-5.2246,145.7966,77.36,89,100,3.27,overcast clouds
142,Christchurch,NZ,-43.5333,172.6333,53.91,54,10,5.99,clear sky
143,Manggar,ID,-2.8833,108.2667,78.49,85,100,5.84,overcast clouds
144,Vega De Alatorre,MX,20.0333,-96.6333,83.89,67,37,15.01,scattered clouds
145,Biak,ID,-0.9131,122.8766,75.2,86,96,3.94,overcast clouds
146,Mill Valley,US,37.906,-122.545,88.32,86,48,7.0,scattered clouds
147,Voh,NC,-20.9667,164.7,73.17,50,2,5.08,clear sky
148,Port Hueneme,US,34.1478,-119.1951,101.88,62,1,9.22,clear sky
149,Tasiilaq,GL,65.6145,-37.6368,37.56,49,6,7.72,clear sky
150,Dakar,SN,14.6937,-17.4441,77.88,79,95,10.67,overcast clouds
151,Mecca,SA,21.4267,39.8261,92.48,41,23,3.67,few clouds
152,Ruwi,OM,23.5996,58.5507,86.52,64,97,6.76,overcast clouds
153,Ugra,RU,54.7777,34.3267,55.09,93,14,1.99,few clouds
154,Lagoa,PT,39.05,-27.9833,69.71,72,7,18.81,clear sky
155,San Patricio,US,28.017,-97.5169,94.15,46,2,17.58,clear sky
156,Dom Pedrito,BR,-30.9828,-54.6731,55.65,88,100,4.27,overcast clouds
157,Fortuna,US,40.5982,-124.1573,84.18,71,75,5.01,broken clouds
158,Sorland,NO,67.667,12.6934,49.3,71,100,11.63,overcast clouds
159,Maneadero,MX,31.7167,-116.5667,83.19,76,20,3.0,few clouds
160,Cleveland,US,41.4995,-81.6954,74.61,47,1,4.61,clear sky
161,Edd,ER,13.9297,41.6925,90.05,69,64,8.97,broken clouds
162,Inarcs,HU,47.262,19.327,55.38,39,4,6.06,clear sky
163,Kruisfontein,ZA,-34.0033,24.7314,56.88,85,7,2.33,clear sky
164,San Carlos De Bariloche,AR,-41.1456,-71.3082,56.95,28,0,19.57,light rain
165,Viedma,AR,-40.8135,-62.9967,59.02,56,63,14.65,broken clouds
166,Touros,BR,-5.1989,-35.4608,77.61,79,54,16.28,broken clouds
167,Olafsvik,IS,64.8945,-23.7142,48.94,75,100,3.44,overcast clouds
168,Noumea,NC,-22.2763,166.4572,69.78,57,57,10.96,broken clouds
169,Martapura,ID,-3.4167,114.85,75.29,100,90,3.44,overcast clouds
170,Hailar,CN,49.2,119.7,40.42,93,82,5.41,broken clouds
171,Caborca,MX,30.5838,-111.101,95.49,20,0,4.43,clear sky
172,Saint George,US,37.1041,-113.5841,101.43,18,1,1.99,clear sky
173,Amboise,FR,47.4125,0.9827,64.69,81,0,9.22,clear sky
174,Geraldton,AU,-28.7667,114.6,52.21,100,75,5.75,broken clouds
175,Vila Franca Do Campo,PT,37.7167,-25.4333,70.21,83,47,7.29,scattered clouds
176,Namatanai,PG,-3.6667,152.4333,82.35,72,21,10.07,few clouds
177,Kapaa,US,22.0752,-159.319,84.18,69,25,7.0,scattered clouds
178,Srednekolymsk,RU,67.45,153.6833,33.26,77,32,6.73,scattered clouds
179,Anadyr,RU,64.75,177.4833,41.5,75,40,29.08,scattered clouds
180,Port-Gentil,GA,-0.7193,8.7815,77.76,84,68,11.61,broken clouds
181,Harer,ET,9.3094,42.1258,58.3,92,93,2.13,overcast clouds
182,Aykhal,RU,66.0,111.5,50.9,79,93,5.73,overcast clouds
183,Pemangkat,ID,1.1667,108.9667,79.25,86,100,6.69,overcast clouds
184,Muriwai Beach,NZ,-36.8167,174.45,57.87,73,3,18.07,clear sky
185,Narsaq,GL,60.9167,-46.05,44.82,88,100,3.53,light rain
186,Mehamn,NO,71.0357,27.8492,42.71,87,58,14.97,broken clouds
187,Ahuimanu,US,21.4447,-157.8378,86.77,63,76,10.11,broken clouds
188,Bartica,GY,6.4,-58.6167,79.41,78,48,6.06,scattered clouds
189,Rawlins,US,41.7911,-107.2387,88.23,8,1,16.11,clear sky
190,Ilulissat,GL,69.2167,-51.1,30.22,43,0,3.44,clear sky
191,Jodhpur,IN,26.2867,73.03,79.25,86,100,10.96,overcast clouds
192,Semnan,IR,35.5729,53.3971,72.95,34,0,0.51,clear sky
193,Morondava,MG,-20.2833,44.2833,76.3,55,0,17.38,clear sky
194,Cayenne,GF,4.9333,-52.3333,84.24,80,75,3.0,broken clouds
195,Ibipeba,BR,-11.6408,-42.0111,82.54,26,7,9.91,clear sky
196,Aklavik,CA,68.2191,-135.0107,55.31,54,100,11.25,overcast clouds
197,Nome,US,64.5011,-165.4064,48.27,87,90,13.8,light rain
198,Ozinki,RU,51.1786,49.6769,59.4,73,98,13.11,overcast clouds
199,Loreto,MX,22.2667,-101.9667,76.5,27,87,14.67,overcast clouds
200,Agirish,RU,61.9247,63.0231,38.53,97,100,14.25,light rain
201,Marystown,CA,47.1666,-55.1483,64.13,98,100,19.91,overcast clouds
202,Harnosand,SE,62.6323,17.9379,55.99,97,100,5.37,overcast clouds
203,Beisfjord,NO,68.3751,17.5988,48.04,92,100,2.35,overcast clouds
204,Coruripe,BR,-10.1256,-36.1756,75.67,74,50,10.33,scattered clouds
205,Champerico,GT,14.3,-91.9167,84.76,80,73,7.02,broken clouds
206,Coquimbo,CL,-29.9533,-71.3436,57.43,79,71,3.38,broken clouds
207,Lang Son,VN,21.8333,106.7333,74.57,89,78,1.34,broken clouds
208,Ossora,RU,59.2353,163.0719,42.94,53,100,19.24,overcast clouds
209,Tual,ID,-5.6667,132.75,80.08,84,100,18.75,overcast clouds
210,Praia,CV,14.9215,-23.5087,81.14,74,75,11.5,broken clouds
211,Dawei,MM,14.0833,98.2,74.91,94,100,2.71,overcast clouds
212,Ugoofaaru,MV,5.6667,73.0,81.77,74,64,8.48,broken clouds
213,Sola,VU,-13.8833,167.55,77.67,80,58,20.4,broken clouds
214,Shuya,RU,56.8487,41.3883,45.19,83,6,4.76,clear sky
215,Harper,LR,4.375,-7.7169,77.38,85,46,5.21,scattered clouds
216,Salinas,US,36.6777,-121.6555,90.57,68,3,9.42,clear sky
217,Babu,CN,24.4167,111.5167,78.53,82,56,1.61,broken clouds
218,Belaya Gora,RU,68.5333,146.4167,35.11,74,60,5.03,broken clouds
219,Saint-Pierre,RE,-21.3393,55.4781,67.64,88,75,8.05,moderate rain
220,Bulalacao,PH,12.3254,121.3435,78.48,89,100,10.42,overcast clouds
221,Florence,IT,43.7667,11.25,70.3,62,0,3.44,clear sky
222,Cherskiy,RU,68.75,161.3,33.75,63,25,10.4,scattered clouds
223,Salalah,OM,17.0151,54.0924,79.39,88,100,4.38,overcast clouds
224,Namibe,AO,-15.1961,12.1522,66.61,71,20,6.44,few clouds
225,Sudzha,RU,51.1976,35.2726,59.45,72,9,4.83,clear sky
226,Barmer,IN,25.75,71.3833,83.25,72,97,3.42,light rain
227,Acapulco,MX,16.8634,-99.8901,84.34,72,100,9.44,overcast clouds
228,Asau,RO,46.4333,26.4,56.75,44,96,3.8,light rain
229,San Policarpo,PH,12.1791,125.5072,80.19,82,100,8.43,overcast clouds
230,Winnemucca,US,40.973,-117.7357,77.05,44,20,3.44,few clouds
231,Altamira,BR,-3.2033,-52.2064,86.09,70,40,3.44,scattered clouds
232,Ouro Preto Do Oeste,BR,-10.7481,-62.2158,86.09,52,89,1.03,overcast clouds
233,Aljezur,PT,37.3191,-8.8033,66.69,91,100,5.77,overcast clouds
234,Naze,JP,28.3667,129.4833,79.72,84,16,10.8,few clouds
235,San Quintin,MX,30.4833,-115.95,77.63,70,1,14.72,clear sky
236,Kigoma,TZ,-4.8769,29.6267,76.73,57,60,1.21,broken clouds
237,Ambanja,MG,-13.6833,48.45,72.14,86,96,0.67,overcast clouds
238,Boyolangu,ID,-8.1181,111.8935,73.44,94,81,3.22,broken clouds
239,Port Lavaca,US,28.615,-96.6261,93.52,53,1,14.97,clear sky
240,Yulara,AU,-25.2406,130.9889,57.09,23,0,4.59,clear sky
241,Vila Velha,BR,-20.3297,-40.2925,75.42,80,13,17.16,few clouds
242,Paralimni,CY,35.0375,33.9833,74.28,71,0,1.99,clear sky
243,Halifax,CA,44.6453,-63.5724,69.49,89,100,1.01,overcast clouds
244,Itoman,JP,26.1247,127.6694,83.17,89,75,9.22,broken clouds
245,Mangrol,IN,21.1167,70.1167,80.24,86,95,6.71,overcast clouds
246,Torata,PE,-17.0769,-70.8433,65.43,27,4,5.86,clear sky
247,Wagar,SD,16.1525,36.2032,82.45,55,100,12.88,overcast clouds
248,Lucapa,AO,-8.4192,20.7447,74.12,23,6,2.93,clear sky
249,Ispica,IT,36.7844,14.9063,75.83,80,56,11.14,broken clouds
250,Portland,US,45.5234,-122.6762,69.75,74,100,1.99,overcast clouds
251,Gannan,CN,47.9147,123.5031,46.83,80,74,5.95,broken clouds
252,Tuktoyaktuk,CA,69.4541,-133.0374,51.06,56,17,18.3,few clouds
253,Maceio,BR,-9.6658,-35.7353,76.44,83,0,8.05,clear sky
254,Holme,DK,56.1138,10.1725,64.74,93,100,3.69,overcast clouds
255,Khandyga,RU,62.6667,135.6,43.25,61,71,1.03,broken clouds
256,Chuy,UY,-33.6971,-53.4616,56.88,91,68,10.56,broken clouds
257,Kargasok,RU,59.0556,80.8572,47.44,88,99,10.94,light rain
258,Dunedin,NZ,-45.8742,170.5036,48.79,63,35,15.99,scattered clouds
259,Flin Flon,CA,54.7682,-101.865,62.31,42,81,16.44,broken clouds
260,Villarrica,PY,-25.75,-56.4333,64.49,45,0,4.5,clear sky
261,Rawson,AR,-43.3002,-65.1023,65.97,38,71,27.72,broken clouds
262,Walvis Bay,NA,-22.9575,14.5053,56.08,62,0,10.67,clear sky
263,Carnarvon,AU,-24.8667,113.6333,61.38,67,17,22.46,few clouds
264,Sarkand,KZ,45.41,79.9186,49.42,59,0,6.35,clear sky
265,Ancud,CL,-41.8697,-73.8203,51.42,96,100,12.44,moderate rain
266,Moron,AR,-34.6534,-58.6198,58.96,87,97,1.01,overcast clouds
267,Shelburne,CA,44.0787,-80.2041,69.76,47,78,11.97,broken clouds
268,Bosobolo,CD,4.1833,19.9,68.25,97,99,2.98,overcast clouds
269,Tynda,RU,55.1667,124.7167,47.84,92,100,5.75,overcast clouds
270,Upernavik,GL,72.7868,-56.1549,31.75,64,47,6.06,scattered clouds
271,Najran,SA,17.4924,44.1277,79.11,17,100,2.51,overcast clouds
272,Nizhniy Tsasuchey,RU,50.5167,115.1333,43.77,91,8,6.13,clear sky
273,Taoudenni,ML,22.6783,-3.9836,101.12,8,0,8.75,clear sky
274,Nyurba,RU,63.2842,118.3319,43.43,77,6,4.23,clear sky
275,Hedaru,TZ,-4.5,37.9,68.86,73,93,8.21,overcast clouds
276,Meulaboh,ID,4.1363,96.1285,75.13,89,85,3.11,overcast clouds
277,Egvekinot,RU,66.3167,-179.1667,29.62,80,100,25.77,overcast clouds
278,Esfarayen,IR,37.0765,57.5101,63.07,48,0,3.74,clear sky
279,Sao Jose Da Coroa Grande,BR,-8.8978,-35.1478,77.02,69,97,8.66,overcast clouds
280,Saint-Augustin,CA,51.226,-58.6502,64.42,98,100,17.98,overcast clouds
281,Padilla,CO,3.2204,-76.3139,78.37,78,83,2.13,broken clouds
282,Sur,OM,22.5667,59.5289,87.28,62,90,4.72,overcast clouds
283,Siauliai,LT,55.9333,23.3167,55.42,88,0,4.61,clear sky
284,Caravelas,BR,-17.7125,-39.2481,75.31,79,10,9.62,clear sky
285,Grindavik,IS,63.8424,-22.4338,48.67,100,75,8.05,broken clouds
286,Nanortalik,GL,60.1432,-45.2371,45.19,84,100,6.04,overcast clouds
287,Puerto Del Rosario,ES,28.5004,-13.8627,74.95,78,20,11.5,few clouds
288,Leningradskiy,RU,69.3833,178.4167,30.27,93,100,5.35,light snow
289,Montrose,US,38.4166,-108.2673,81.36,13,1,14.99,clear sky
290,Kuusamo,FI,65.9667,29.1833,41.04,87,75,3.44,broken clouds
291,Bonavista,CA,48.6499,-53.1147,65.12,91,100,16.73,overcast clouds
292,Hasaki,JP,35.7333,140.8333,72.0,82,95,5.32,overcast clouds
293,North Bend,US,43.4065,-124.2243,73.24,70,88,7.47,overcast clouds
294,Bull Savanna,JM,17.8868,-77.5902,82.54,71,15,14.23,few clouds
295,Susaki,JP,33.3667,133.2833,77.07,84,28,4.05,scattered clouds
296,Maloh,PH,9.056,122.9851,80.38,77,94,3.24,overcast clouds
297,Tefe,BR,-3.3542,-64.7114,80.49,79,94,1.52,overcast clouds
298,Mudgee,AU,-32.5943,149.5871,56.01,59,0,2.37,clear sky
299,Shaowu,CN,27.3409,117.4831,73.33,95,11,1.5,few clouds
300,Camacha,PT,33.0833,-16.3333,72.54,78,20,2.3,few clouds
301,Umm Kaddadah,SD,13.6017,26.6876,81.07,63,95,19.73,overcast clouds
302,Luorong,CN,24.4058,109.6086,77.95,87,22,2.06,light rain
303,Baherden,TM,38.4362,57.4316,69.13,24,4,6.53,clear sky
304,Pauini,BR,-7.7136,-66.9764,82.92,63,44,3.15,scattered clouds
305,Karratha,AU,-20.7377,116.8463,72.01,35,0,16.93,clear sky
306,Two Rivers,US,44.1539,-87.5693,77.47,75,1,3.0,clear sky
307,Sao Joao Da Barra,BR,-21.6403,-41.0511,74.34,84,31,14.18,scattered clouds
308,New Albany,US,38.2856,-85.8241,81.73,48,40,3.0,scattered clouds
309,Deputatskiy,RU,69.3,139.9,34.79,63,97,2.15,overcast clouds
310,Oussouye,SN,12.485,-16.5469,77.18,86,100,5.95,light rain
311,Dharchula,IN,29.85,80.5333,69.78,92,100,2.66,heavy intensity rain
312,Komsomolskiy,UZ,40.4272,71.7189,63.82,23,88,4.41,overcast clouds
313,Senanga,ZM,-16.1167,23.2667,71.26,34,31,9.08,scattered clouds
314,Lima,PE,-12.0432,-77.0282,59.14,85,67,7.49,broken clouds
315,Waseca,US,44.0777,-93.5074,82.67,47,1,6.91,clear sky
316,Sinop,TR,41.7711,34.8709,58.89,90,95,3.0,overcast clouds
317,Rabo De Peixe,PT,37.8,-25.5833,69.31,78,20,5.75,few clouds
318,Sitka,US,57.0531,-135.33,52.65,94,100,6.38,moderate rain
319,Vikhorevka,RU,56.1201,101.1636,36.99,90,82,1.48,broken clouds
320,Adrar,MR,20.5022,-10.0711,93.74,32,93,11.77,overcast clouds
321,Ostrovnoy,RU,68.0531,39.5131,40.78,94,100,19.26,overcast clouds
322,Tarakan,ID,3.3,117.6333,78.35,85,100,4.83,overcast clouds
323,Ketchikan,US,55.3422,-131.6461,52.12,94,100,6.73,light rain
324,Vestmannaeyjar,IS,63.4427,-20.2734,52.75,84,100,12.46,overcast clouds
325,Hobyo,SO,5.3505,48.5268,77.0,81,96,30.09,overcast clouds
326,Henties Bay,NA,-22.116,14.2845,55.85,72,0,6.17,clear sky
327,Nacala,MZ,-14.5428,40.6728,70.09,71,11,9.75,few clouds
328,Wattegama,LK,6.7989,81.4808,77.92,84,100,5.93,overcast clouds
329,Korla,CN,41.7597,86.1469,74.93,25,100,21.45,overcast clouds
330,Hailey,US,43.5196,-114.3153,66.06,59,90,8.05,thunderstorm
331,Port Hardy,CA,50.6996,-127.4199,61.81,79,99,1.34,overcast clouds
332,Providencia,MX,28.7167,-111.5833,100.45,64,68,11.99,broken clouds
333,Raga,SS,8.4596,25.678,68.09,96,96,3.44,overcast clouds
334,Tuatapere,NZ,-46.1333,167.6833,43.83,85,79,5.26,broken clouds
335,Mishan,CN,45.55,131.8833,57.67,69,59,1.52,broken clouds
336,Manicore,BR,-5.8092,-61.3003,79.63,79,98,1.57,moderate rain
337,Codrington,AU,-38.2667,141.9667,57.85,67,92,16.02,overcast clouds
338,Syamzha,RU,60.0158,41.0614,37.92,90,14,2.04,few clouds
339,Diapaga,BF,12.0708,1.7889,75.0,93,95,7.34,overcast clouds
340,Andenes,NO,69.3143,16.1194,44.58,76,90,2.3,overcast clouds
341,Gunjur,GM,13.2019,-16.7339,75.27,100,75,0.0,broken clouds
342,Shingu,JP,33.7333,135.9833,76.91,83,9,3.11,clear sky
343,Vila,PT,42.0304,-8.1588,54.34,90,38,2.04,scattered clouds
344,Udachnyy,RU,66.4167,112.4,49.46,77,68,5.75,broken clouds
345,Tromso,NO,69.6496,18.957,41.02,87,40,5.75,light rain
346,San Luis,AR,-33.295,-66.3356,62.26,40,37,4.43,scattered clouds
347,Tabuk,PH,17.4189,121.4443,74.08,98,100,4.43,moderate rain
348,Ponta Delgada,PT,37.7333,-25.6667,70.52,78,20,5.75,few clouds
349,Clones,IE,54.1833,-7.2333,60.42,96,96,5.64,overcast clouds
350,Eberndorf,AT,46.5914,14.6436,56.77,72,22,1.21,few clouds
351,Mazatlan,MX,23.2167,-106.4167,87.76,70,40,9.22,scattered clouds
352,Muisne,EC,0.6,-80.0333,75.36,84,100,9.6,overcast clouds
353,Ballitoville,ZA,-29.539,31.2144,63.25,70,4,17.69,clear sky
354,Sawtell,AU,-30.3833,153.1,57.22,67,0,0.0,clear sky
355,Mozhaysk,RU,55.5019,36.0272,55.99,93,100,3.91,overcast clouds
356,Porto Velho,BR,-8.7619,-63.9039,78.85,73,40,4.61,heavy intensity rain
357,Arkhangelsk,RU,64.5401,40.5433,35.71,93,40,2.24,scattered clouds
358,Kindu,CD,-2.95,25.95,73.26,77,60,3.22,broken clouds
359,Venice,US,27.0998,-82.4543,87.98,73,1,6.91,clear sky
360,Laguna,US,38.421,-121.4238,92.44,36,1,4.0,clear sky
361,Tevaitoa,PF,-16.7833,-151.5,76.42,64,31,11.63,scattered clouds
362,Breytovo,RU,58.2993,37.8617,49.44,75,60,2.53,broken clouds
363,Moscow,RU,55.7522,37.6156,55.92,84,63,4.21,broken clouds
364,Kenai,US,60.5544,-151.2583,60.03,83,100,5.84,overcast clouds
365,Carhuaz,PE,-9.2819,-77.6447,63.63,68,74,5.03,light rain
366,Ulsteinvik,NO,62.3432,5.8487,59.11,98,100,5.01,overcast clouds
367,Conceicao Do Araguaia,BR,-8.2578,-49.2647,90.25,25,4,3.56,clear sky
368,Hay River,CA,60.8156,-115.7999,52.57,64,70,5.53,broken clouds
369,Hamilton,US,39.1834,-84.5333,79.88,47,4,1.01,clear sky
370,Kharitonovo,RU,61.4009,47.4978,35.55,96,9,5.97,clear sky
371,Tura,IN,25.5198,90.2201,74.95,96,99,6.22,overcast clouds
372,Alofi,NU,-19.0595,-169.9187,76.66,80,100,15.37,overcast clouds
373,Souillac,MU,-20.5167,57.5167,67.35,79,4,10.2,clear sky
374,Mnogovershinnyy,RU,53.9353,139.9242,46.81,81,100,5.48,overcast clouds
375,Mosquera,CO,4.7059,-74.2302,59.25,80,97,1.23,overcast clouds
376,Chernyshevskiy,RU,63.0128,112.4714,52.61,94,100,1.45,overcast clouds
377,Clyde River,CA,70.4692,-68.5914,33.71,68,43,4.9,scattered clouds
378,Nhulunbuy,AU,-12.2333,136.7667,77.61,83,90,9.22,overcast clouds
379,Ust-Maya,RU,60.4167,134.5333,44.82,76,25,0.94,scattered clouds
380,Diamantino,BR,-14.4086,-56.4461,87.76,32,39,4.21,scattered clouds
381,Scarborough,GB,54.2797,-0.4044,64.22,90,95,5.95,overcast clouds
382,Sao Filipe,CV,14.8961,-24.4956,78.26,82,100,7.36,overcast clouds
383,Kudahuvadhoo,MV,2.6708,72.8944,82.71,70,63,4.23,broken clouds
384,Tazovskiy,RU,67.4667,78.7,41.05,94,100,3.15,light rain
385,Acapetahua,MX,15.2833,-92.7,77.0,87,97,3.94,overcast clouds
386,Bambanglipuro,ID,-7.95,110.2833,75.58,90,98,9.06,overcast clouds
387,Wawa,NG,9.9022,4.4192,74.19,96,100,3.94,light rain
388,Sagua La Grande,CU,22.8067,-80.0756,86.99,56,82,10.78,broken clouds
389,Uruguaiana,BR,-29.7547,-57.0883,55.96,79,63,6.33,broken clouds
390,Dicabisagan,PH,17.0818,122.4157,79.18,86,100,10.94,moderate rain
391,Ust-Koksa,RU,50.2696,85.6108,37.2,53,77,2.13,broken clouds
392,Gwadar,PK,25.1216,62.3254,79.83,88,53,8.14,broken clouds
393,Sungaipenuh,ID,-2.0833,101.3833,62.38,95,100,2.42,overcast clouds
394,Fare,PF,-16.7,-151.0167,76.48,64,56,11.14,broken clouds
395,Hambantota,LK,6.1241,81.1185,79.14,100,20,8.05,few clouds
396,Jyvaskyla,FI,62.2415,25.7209,52.16,97,90,1.14,overcast clouds
397,Kutum,SD,14.2,24.6667,80.37,54,21,11.45,few clouds
398,Tokur,RU,53.1333,132.9,44.83,96,100,4.18,light rain
399,Riberalta,BO,-10.9833,-66.1,81.97,65,52,1.48,broken clouds
400,Stara Tura,SK,48.7772,17.6943,56.95,80,5,6.91,clear sky
401,Enid,US,36.3956,-97.8784,96.48,28,1,18.41,clear sky
402,San Borja,BO,-14.8167,-66.85,71.06,64,94,0.09,overcast clouds
403,Zaragoza,ES,41.6561,-0.8773,72.45,56,20,5.01,few clouds
404,Dukat,RU,62.55,155.55,26.69,79,100,8.5,light snow
405,Tamsweg,AT,47.1281,13.811,56.01,87,64,2.37,broken clouds
406,Opunake,NZ,-39.4556,173.8583,54.34,77,11,20.96,few clouds
407,Parczew,PL,51.6402,22.9006,52.41,57,100,4.18,overcast clouds
408,Khasan,RU,42.4308,130.6434,61.9,84,35,4.36,scattered clouds
409,Zarubino,RU,42.63,131.0922,61.63,79,25,5.7,scattered clouds
410,Tulun,RU,54.5611,100.5792,37.44,93,79,3.44,broken clouds
411,Kanye,BW,-24.9667,25.3327,57.7,54,0,8.05,clear sky
412,Tahoua,NE,14.8888,5.2692,89.87,46,51,5.01,broken clouds
413,Warrnambool,AU,-38.3833,142.4833,61.81,50,99,16.93,overcast clouds
414,Luderitz,NA,-26.6481,15.1594,57.54,69,3,7.43,clear sky
415,Rtishchevo,RU,52.2604,43.7874,57.29,86,44,5.55,scattered clouds
416,San Cristobal,VE,7.7669,-72.225,74.57,71,98,5.28,overcast clouds
417,Kenora,CA,49.8167,-94.4337,75.18,39,74,9.37,broken clouds
418,Auki,SB,-8.7676,160.7034,81.45,75,24,4.83,few clouds
419,Gushikawa,JP,26.3544,127.8686,82.4,94,40,10.36,scattered clouds
420,Buta,CD,2.7858,24.73,68.52,95,57,2.01,broken clouds
421,High Prairie,CA,55.4334,-116.4858,65.62,44,56,5.19,broken clouds
422,Fairbanks,US,64.8378,-147.7164,62.02,59,91,2.55,light rain
423,Isangel,VU,-19.55,169.2667,77.11,53,20,5.75,few clouds
424,Ranong,TH,9.9658,98.6348,78.67,90,100,9.15,light rain
425,Weligama,LK,5.9667,80.4167,77.31,90,100,9.42,overcast clouds
426,Constitucion,CL,-35.3333,-72.4167,55.11,86,100,4.83,overcast clouds
427,Bend,US,44.0582,-121.3153,65.48,82,40,3.0,scattered clouds
428,Atbasar,KZ,51.8,68.3333,55.33,70,100,15.9,overcast clouds
429,Iqaluit,CA,63.7506,-68.5145,38.64,55,100,7.45,overcast clouds
430,Muroto,JP,33.2833,134.15,77.04,82,2,2.73,clear sky
431,Poum,NC,-20.2333,164.0167,69.96,63,12,7.78,few clouds
432,Zelenets,RU,61.8849,50.7489,39.45,95,12,7.9,few clouds
433,Kidal,ML,18.4411,1.4078,91.09,30,93,11.95,overcast clouds
434,Svetlogorsk,BY,52.6333,29.7333,56.79,69,35,2.8,scattered clouds
435,Berbera,SO,10.4396,45.0143,92.62,46,31,14.99,scattered clouds
436,Kavieng,PG,-2.5744,150.7967,83.79,72,52,17.27,broken clouds
437,Port Hedland,AU,-20.3167,118.5667,60.85,77,0,4.61,clear sky
438,Lasa,IT,46.6166,10.7002,58.37,90,100,0.78,overcast clouds
439,Tocache,PE,-8.1842,-76.5125,83.01,70,86,1.77,moderate rain
440,Nara,JP,34.6851,135.8049,74.52,78,83,1.43,broken clouds
441,Qui Nhon,VN,13.7667,109.2333,80.1,78,100,20.33,light rain
442,La Ronge,CA,55.1001,-105.2842,58.73,49,78,13.0,broken clouds
443,Chapais,CA,49.7834,-74.8492,51.58,69,99,6.87,overcast clouds
444,Bundaberg,AU,-24.85,152.35,65.19,62,0,1.01,clear sky
445,Erenhot,CN,43.6475,111.9767,59.18,48,3,7.29,clear sky
446,Karacakoy,TR,41.4029,28.3834,64.67,77,14,6.51,few clouds
447,Verkhoshizhemye,RU,58.011,49.1038,38.75,97,25,5.08,scattered clouds
448,Alampur,IN,15.8833,78.15,76.41,81,97,13.91,light rain
449,Eenhana,NA,-17.4667,16.3333,75.2,22,17,10.89,few clouds
450,College,US,64.8569,-147.8028,64.72,57,75,3.44,light rain
451,Jacqueville,CI,5.2052,-4.4146,78.71,85,95,5.99,overcast clouds
452,Bachaquero,VE,9.9694,-71.1494,86.34,67,100,3.71,overcast clouds
453,Chadan,RU,51.2833,91.5833,41.86,74,48,2.91,scattered clouds
454,Port Victoria,KE,0.0939,33.9756,71.4,67,44,4.23,scattered clouds
455,Cururupu,BR,-1.8283,-44.8683,76.89,78,23,5.41,few clouds
456,Vagur,FO,61.4732,-6.8119,50.76,81,31,11.81,scattered clouds
457,Les Cayes,HT,18.2,-73.75,84.34,72,80,7.83,broken clouds
458,Tomaszow Lubelski,PL,50.4477,23.4162,59.29,63,100,3.85,overcast clouds
459,Tochimilco,MX,18.9,-98.5667,70.88,71,95,3.18,overcast clouds
460,Jatai,BR,-17.8814,-51.7144,84.61,34,82,8.43,broken clouds
461,Da Nang,VN,16.0678,108.2208,77.05,88,90,11.5,moderate rain
462,Rumuruti,KE,0.267,36.5389,59.67,74,99,9.44,overcast clouds
463,Lavrentiya,RU,65.5833,-171.0,44.58,94,100,10.25,light rain
464,Nuuk,GL,64.1835,-51.7216,43.41,49,47,9.22,scattered clouds
465,Brae,GB,60.3964,-1.353,57.11,98,100,10.18,overcast clouds
466,Kangaatsiaq,GL,68.3065,-53.4641,33.12,69,5,15.99,clear sky
467,Vardo,NO,70.3705,31.1107,39.4,80,31,15.84,scattered clouds
468,Ulladulla,AU,-35.35,150.4667,65.88,46,0,7.99,clear sky
469,The Valley,AI,18.217,-63.0578,85.82,77,10,16.13,clear sky
470,Bonnyville,CA,54.2668,-110.735,67.32,32,58,10.18,broken clouds
471,Lodja,CD,-3.4833,23.4333,71.69,79,78,3.04,broken clouds
472,Vanimo,PG,-2.6741,141.3028,77.23,89,94,5.95,overcast clouds
473,Shalakusha,RU,62.2247,40.2539,38.57,92,42,3.58,scattered clouds
474,Ouadda,CF,8.0777,22.4007,66.97,98,87,3.51,overcast clouds
475,Bayburt,TR,40.2589,40.2278,55.38,73,0,2.19,clear sky
476,Bethel,US,41.3712,-73.414,72.19,58,20,1.01,few clouds
477,Quelimane,MZ,-17.8786,36.8883,71.55,78,40,4.61,scattered clouds
478,At-Bashi,KG,41.1702,75.8106,46.6,75,49,1.48,scattered clouds
479,Charters Towers,AU,-20.1,146.2667,65.77,78,25,12.12,scattered clouds
480,Champawat,IN,29.3333,80.1,62.1,93,100,2.98,overcast clouds
481,Jiaojiang,CN,28.6803,121.4428,76.32,93,7,3.36,light rain
482,Kungurtug,RU,50.5994,97.5228,40.24,93,95,1.97,overcast clouds
483,Todos Santos,MX,23.45,-110.2167,86.0,90,100,12.06,overcast clouds
484,Fukue,JP,32.6881,128.8419,76.42,74,67,9.66,broken clouds
485,Loandjili,CG,-4.7561,11.8578,75.0,87,64,4.12,light rain
486,Fort Saint James,CA,54.4333,-124.25,66.43,51,96,3.98,overcast clouds
487,Dingle,PH,10.9995,122.6711,75.79,93,100,4.54,moderate rain
488,Marienburg,PL,54.0359,19.0266,65.89,58,34,9.33,scattered clouds
489,Kaeo,NZ,-35.1,173.7833,60.33,68,2,12.08,clear sky
490,Sovetskiy,RU,61.3614,63.5842,39.65,95,100,13.85,overcast clouds
491,Berettyoujfalu,HU,47.2167,21.55,61.29,41,3,4.65,clear sky
492,Mount Gambier,AU,-37.8333,140.7667,58.91,82,90,16.11,overcast clouds
493,Slave Lake,CA,55.2834,-114.769,60.73,56,44,4.92,scattered clouds
494,Ko Samui,TH,9.5357,99.9357,81.63,77,100,12.88,light rain
495,Fatezh,RU,52.0891,35.8632,55.38,71,29,1.48,scattered clouds
496,Ola,RU,59.5833,151.2833,44.49,47,100,9.46,overcast clouds
497,Lewistown,US,40.5992,-77.5714,74.34,48,40,4.61,scattered clouds
498,Lewisporte,CA,49.2499,-55.0482,71.31,82,100,12.46,overcast clouds
499,Kargil,IN,34.5667,76.1,54.63,58,98,7.2,overcast clouds
500,Parry Sound,CA,45.3501,-80.033,67.21,66,75,7.92,broken clouds
501,Tra Vinh,VN,9.9347,106.3453,76.32,95,100,5.5,overcast clouds
502,Yuzhnyy-Kospashskiy,RU,58.9695,57.7548,37.96,96,100,11.14,overcast clouds
503,Hami,CN,42.8,93.45,72.66,31,87,18.68,overcast clouds
504,Praia Da Vitoria,PT,38.7333,-27.0667,70.75,79,16,16.44,few clouds
505,Sept-Iles,CA,50.2001,-66.3821,61.05,95,89,6.76,overcast clouds
506,Belmonte,BR,-15.8631,-38.8828,77.5,80,10,8.14,clear sky
507,Arman,RU,59.7,150.1667,44.92,43,100,7.74,overcast clouds
508,Yumen,CN,40.2833,97.2,65.48,20,1,9.84,clear sky
509,Beloha,MG,-25.1667,45.05,63.39,60,1,16.64,clear sky
510,Horsham,GB,51.064,-0.3272,64.58,88,40,8.05,scattered clouds
511,Ostrogozhsk,RU,50.8664,39.0756,60.58,74,6,4.59,clear sky
512,Puerto Leguizamo,CO,-0.1934,-74.7819,73.87,96,100,1.43,overcast clouds
513,Zboriv,UA,49.6648,25.141,57.9,45,100,4.16,overcast clouds
514,Concepcion,CL,-36.827,-73.0498,55.2,88,0,6.91,light rain
515,Port Elizabeth,ZA,-33.918,25.5701,59.09,81,18,8.32,few clouds
516,Ardakan,IR,32.31,54.0175,75.49,18,0,4.41,clear sky
517,Aleksandrov Gay,RU,50.147,48.5704,66.94,55,72,9.62,broken clouds
518,Khani,GE,41.9563,42.9566,56.77,77,0,2.95,clear sky
519,North Platte,US,41.1239,-100.7654,104.32,6,5,11.36,clear sky
520,Micheweni,TZ,-4.9667,39.8333,75.07,78,76,11.45,broken clouds
521,Kuytun,RU,54.3419,101.5036,35.6,94,95,3.51,overcast clouds
522,Kaitangata,NZ,-46.2817,169.8464,46.27,80,61,8.59,broken clouds
523,Inta,RU,66.0317,60.1659,36.27,93,78,7.92,broken clouds
524,Winslow,US,35.0242,-110.6974,94.96,15,1,4.0,clear sky
525,Canandaigua,US,42.8742,-77.288,71.37,66,81,3.0,broken clouds
526,Syedove,UA,47.0768,38.156,67.95,55,0,9.62,clear sky
527,Reconquista,AR,-29.15,-59.65,62.8,49,6,3.49,clear sky
528,Bonthe,SL,7.5264,-12.505,75.63,94,100,8.28,moderate rain
529,Kerema,PG,-7.9631,145.7785,79.54,80,84,3.04,broken clouds
530,Esil,KZ,51.9556,66.4042,54.88,60,100,6.33,overcast clouds
531,Nicoya,CR,10.1483,-85.452,80.15,90,100,5.1,overcast clouds
532,Umm Bab,QA,25.2142,50.8072,83.88,58,76,11.05,broken clouds
533,Chumikan,RU,54.7183,135.315,52.86,82,100,12.73,overcast clouds
534,Aitape,PG,-3.1374,142.3475,78.87,84,99,6.24,overcast clouds
535,Oranjemund,NA,-28.55,16.4333,54.45,81,76,3.33,broken clouds
536,Inhambane,MZ,-23.865,35.3833,66.85,66,34,9.64,scattered clouds
537,Srivardhan,IN,18.0333,73.0167,78.75,90,38,11.1,scattered clouds
538,Worland,US,44.0169,-107.9554,92.55,23,1,4.0,clear sky
539,Stepnyak,KZ,52.8339,70.7803,46.31,84,87,7.74,overcast clouds
540,Bandarbeyla,SO,9.4942,50.8122,78.3,76,74,27.2,broken clouds
541,Havoysund,NO,70.9963,24.6622,43.68,75,81,13.96,broken clouds
542,Tamandare,BR,-8.7597,-35.1047,77.07,70,97,8.19,overcast clouds
543,Le Vauclin,MQ,14.5452,-60.8388,80.65,83,20,4.61,few clouds
544,Waddan,LY,29.1614,16.139,87.39,28,0,9.33,clear sky
545,Muravlenko,RU,63.7898,74.523,46.35,87,100,6.51,overcast clouds
546,Kloulklubed,PW,7.0419,134.2556,84.56,73,100,15.99,overcast clouds
547,Polunochnoye,RU,60.8697,60.4153,38.46,87,100,11.18,overcast clouds
548,Rexburg,US,43.826,-111.7897,87.06,21,1,11.5,clear sky
549,High Level,CA,58.5169,-117.136,61.79,45,42,4.92,scattered clouds
550,Menongue,AO,-14.6585,17.691,64.04,29,7,5.08,clear sky
551,Emerald,AU,-23.5333,148.1667,63.14,65,7,10.27,clear sky
552,Pag,HR,44.445,15.0575,61.38,59,15,6.29,few clouds
553,Comodoro Rivadavia,AR,-45.8667,-67.5,64.26,36,0,12.66,clear sky
554,Ishigaki,JP,24.3448,124.1572,82.27,85,100,23.67,heavy intensity rain
555,Maues,BR,-3.3836,-57.7186,81.57,67,64,2.62,broken clouds
556,Bichena,ET,10.45,38.2,52.56,81,19,4.94,light rain
557,Luziania,BR,-16.2525,-47.9503,85.69,18,27,5.41,scattered clouds
558,Arrecife,ES,28.963,-13.5477,75.27,78,20,11.5,few clouds
559,Manokwari,ID,-0.8667,134.0833,78.89,79,100,5.95,heavy intensity rain
560,Vila Do Maio,CV,15.1333,-23.2167,81.39,81,79,14.07,broken clouds
561,Rebrikha,RU,53.0733,82.3408,51.3,84,100,17.74,light rain
562,Kashi,CN,39.4547,75.9797,74.23,22,89,10.83,overcast clouds
563,Acari,PE,-15.4311,-74.6158,72.91,59,10,6.44,clear sky
564,Varna,BG,43.2167,27.9167,62.74,55,0,0.0,clear sky
565,Prince George,CA,53.9166,-122.753,68.25,67,90,3.0,overcast clouds
566,Saint Anthony,US,45.0205,-93.218,83.93,48,1,4.0,clear sky
567,Gigmoto,PH,13.7796,124.39,81.0,83,100,10.83,overcast clouds
568,Lazaro Cardenas,MX,17.9583,-102.2,84.43,78,82,10.94,broken clouds
569,Champua,IN,22.0833,85.6667,75.11,94,100,3.83,overcast clouds
570,Impfondo,CG,1.6381,18.0667,70.93,98,100,2.64,overcast clouds
571,Great Bend,US,38.3645,-98.7648,97.97,40,1,12.66,clear sky
572,Kulhudhuffushi,MV,6.6221,73.07,81.88,73,56,10.27,broken clouds
573,Gazanjyk,TM,39.2446,55.5154,69.85,23,1,10.78,clear sky
574,Campos Sales,BR,-7.0744,-40.3761,84.83,26,61,5.88,broken clouds
575,Cotonou,BJ,6.3654,2.4183,78.53,88,95,10.38,light rain
576,Miragoane,HT,18.4423,-73.0876,86.5,67,77,5.73,broken clouds
577,Bilma,NE,18.6853,12.9164,94.68,16,40,4.68,scattered clouds
578,Asfi,MA,32.2994,-9.2372,72.01,78,55,13.47,broken clouds
579,Topeka,US,39.0483,-95.678,90.25,55,1,4.0,clear sky
580,Vesoul,FR,47.5833,5.8333,60.75,96,47,3.8,scattered clouds
581,Muncie,US,40.1934,-85.3864,78.73,47,1,5.75,clear sky
582,Avera,US,33.194,-82.5271,86.76,26,0,5.28,clear sky
583,Honiara,SB,-9.4333,159.95,83.28,72,13,8.43,few clouds
584,Paamiut,GL,61.994,-49.6678,45.21,83,100,5.73,overcast clouds
585,Greensburg,US,40.3015,-79.5389,74.55,61,20,1.01,few clouds
586,Eureka,US,40.8021,-124.1637,73.67,74,76,3.0,broken clouds
587,Okhotsk,RU,59.3833,143.3,49.12,72,52,7.63,broken clouds
588,Tumut,AU,-35.3,148.2167,54.59,73,0,2.86,clear sky
589,Abnub,EG,27.2696,31.1511,81.79,40,0,15.79,clear sky
590,Astana,KZ,51.1801,71.446,53.55,87,75,15.66,light intensity shower rain
591,Nongan,CN,44.382,125.1685,54.45,96,84,4.88,light rain
592,Nouadhibou,MR,20.931,-17.0347,73.69,81,66,8.63,broken clouds
593,Akdepe,TM,42.0551,59.3788,55.49,22,0,7.02,clear sky
594,Inirida,CO,3.8653,-67.9239,80.89,81,75,2.35,broken clouds
595,La Rioja,ES,42.25,-2.5,58.05,78,97,2.86,overcast clouds
596,Dongsheng,CN,39.8161,109.9776,64.49,42,1,6.69,clear sky
597,Vadso,NO,70.0744,29.7487,40.08,87,20,20.71,few clouds
598,Manisa,TR,38.8333,28.1667,57.51,85,0,4.5,clear sky
599,Manzhouli,CN,49.6,117.4333,44.82,92,83,7.16,broken clouds
600,Kodinsk,RU,58.6881,99.1844,42.57,85,77,3.2,broken clouds
601,Kaka,TM,37.3482,59.6143,67.55,26,0,5.48,clear sky
602,Dudinka,RU,69.4058,86.1778,42.73,88,94,12.46,overcast clouds
603,Flinders,AU,-34.5833,150.8552,66.06,46,0,5.97,clear sky
604,Artyom,AZ,40.4723,50.333,62.74,62,0,10.54,clear sky
605,Faya,SA,18.3851,42.4509,70.32,30,60,1.36,broken clouds
606,Rampur,IN,28.8167,79.0333,78.76,82,100,7.63,overcast clouds
607,Collierville,US,35.042,-89.6645,87.75,41,1,5.75,clear sky
608,Malazgirt,TR,39.1427,42.5401,62.49,24,0,2.73,clear sky
609,Gweta,BW,-20.1833,25.2333,66.2,40,0,15.26,clear sky
610,Fez,MA,34.0372,-4.9998,75.45,56,0,6.91,clear sky
611,Grand Gaube,MU,-20.0064,57.6608,67.37,77,0,3.0,clear sky
612,Bac Lieu,VN,9.285,105.7244,78.6,89,100,10.07,overcast clouds
613,Longyearbyen,SJ,78.2186,15.6401,37.24,75,20,9.22,few clouds
614,Salvador,SV,13.8333,-88.9167,76.05,87,87,3.06,overcast clouds
615,Necochea,AR,-38.5473,-58.7368,51.04,93,49,5.66,scattered clouds
616,Mezen,RU,65.8522,44.24,37.17,87,77,7.34,broken clouds
617,Yining,CN,29.0361,114.5636,70.38,91,3,1.14,clear sky
618,Ponnani,IN,10.767,75.9252,76.32,86,100,3.8,overcast clouds
619,Hualmay,PE,-11.0964,-77.6139,64.06,80,32,8.59,scattered clouds
620,Nargana,PA,9.4428,-78.5906,83.61,81,93,8.1,overcast clouds
621,Gobabis,NA,-22.45,18.9667,67.17,36,4,16.62,clear sky
622,Tautira,PF,-17.7333,-149.15,82.42,61,29,9.1,scattered clouds
623,Guiberoua,CI,6.2392,-6.1727,70.02,97,100,2.06,overcast clouds
624,Saumur,FR,47.3333,-0.25,61.9,84,13,7.52,few clouds
625,Wagga Wagga,AU,-35.1167,147.3667,56.61,67,0,6.91,clear sky
626,Shimoda,JP,34.6667,138.95,74.98,74,81,3.29,broken clouds
627,Road Town,VG,18.4167,-64.6167,86.09,70,40,11.5,scattered clouds
628,Oriximina,BR,-1.7656,-55.8661,86.9,50,73,3.4,broken clouds
629,Ambovombe,MG,-25.1667,46.0833,65.39,59,1,18.75,clear sky
630,Luganville,VU,-15.5333,167.1667,77.72,78,74,11.25,broken clouds
631,Humberto De Campos,BR,-2.5983,-43.4611,78.62,76,20,7.92,few clouds
632,San Benito,US,36.6166,-121.0844,84.15,34,15,10.42,few clouds
633,Varena,LT,54.2167,24.5667,56.05,77,52,4.63,broken clouds
634,Araouane,ML,18.9048,-3.5265,97.57,25,4,6.91,clear sky
635,Mulege,MX,26.8833,-111.9833,89.78,62,63,15.59,broken clouds
636,Roald,NO,62.5833,6.1333,59.11,94,75,16.11,broken clouds
637,Zhigansk,RU,66.7697,123.3711,41.43,61,33,7.78,scattered clouds
638,Ahipara,NZ,-35.1667,173.1667,57.22,64,5,17.07,clear sky
639,Nizhniy Kuranakh,RU,58.8353,125.4869,41.38,79,18,2.26,few clouds
640,Alenquer,BR,-1.9417,-54.7383,84.54,40,31,5.12,scattered clouds
641,Mbaiki,CF,3.8678,17.9892,68.4,98,92,2.35,overcast clouds
642,Pokhara,NP,28.2333,83.9833,71.8,65,65,4.63,broken clouds
643,Storforshei,NO,66.4043,14.5233,43.66,78,96,4.7,overcast clouds
644,Haukipudas,FI,65.1765,25.3523,42.85,83,100,5.32,overcast clouds
645,Kaduqli,SD,11.0167,29.7167,72.01,91,21,2.24,few clouds
646,Biarritz,FR,43.4801,-1.5556,66.72,94,0,2.3,clear sky
647,Upata,VE,8.0086,-62.3989,77.2,74,35,3.58,scattered clouds
648,Japura,ID,-0.3167,102.35,72.5,97,89,3.0,overcast clouds
649,Pingliang,CN,35.5392,106.6861,60.96,63,0,3.29,clear sky
650,Thai Binh,VN,20.45,106.3333,80.6,90,77,4.45,broken clouds
651,Ayorou,NE,14.7308,0.9174,81.1,66,52,21.16,broken clouds
652,Shrewsbury,GB,52.7101,-2.7521,65.68,93,14,7.83,few clouds
653,Warburton,PK,31.55,73.8333,77.2,90,82,7.36,broken clouds
654,Wenling,CN,28.3669,121.36,77.52,91,3,5.37,clear sky
655,Ankazoabo,MG,-22.2833,44.5167,63.48,68,0,10.04,clear sky
656,San Andres,CO,12.5847,-81.7006,78.82,94,90,10.36,overcast clouds
657,Lokosovo,RU,61.1333,74.8167,46.98,96,100,7.31,overcast clouds
658,Borogontsy,RU,62.6683,131.1683,43.27,56,8,1.12,clear sky
659,Kirakira,SB,-10.4544,161.9205,81.55,78,48,12.26,scattered clouds
660,Simao,CN,22.7886,100.9748,61.75,84,3,1.52,clear sky
661,Koyelga,RU,54.6522,60.9049,39.15,76,51,9.04,broken clouds
662,Tema,GH,5.667,-0.0166,78.17,80,78,9.42,broken clouds
663,Santa Cruz,BO,-17.8,-63.1667,75.72,40,41,4.34,scattered clouds
664,Santa Catarina De Tepehuanes,MX,25.35,-105.7333,77.07,29,98,13.96,overcast clouds
665,Kuandian,CN,40.7286,124.7847,60.89,99,99,0.87,overcast clouds
666,Saint-Francois,FR,46.4154,3.9054,62.47,94,26,3.44,scattered clouds
667,Karlstad,SE,59.3793,13.5036,57.76,100,20,4.61,mist
668,Kalmunai,LK,7.4167,81.8167,78.39,82,100,8.77,overcast clouds
669,Atasu,KZ,48.6814,71.6433,59.59,32,99,13.6,overcast clouds
670,Moba,CN,33.2288,105.0179,59.22,89,100,4.7,overcast clouds
671,Turayf,SA,31.6725,38.6637,74.08,57,0,11.95,clear sky
672,Taketa,JP,32.9652,131.3785,70.79,79,62,2.48,moderate rain
673,Kinkala,CG,-4.3614,14.7644,78.24,64,100,2.42,overcast clouds
674,Memmingen,DE,47.9837,10.1853,62.92,82,90,6.91,overcast clouds
675,North Myrtle Beach,US,33.816,-78.68,83.25,53,85,1.99,overcast clouds
676,Fort Nelson,CA,58.8053,-122.7002,62.38,57,100,7.87,overcast clouds
677,Sistranda,NO,63.7256,8.834,53.91,84,98,11.95,overcast clouds
678,Katobu,ID,-4.9408,122.5276,73.44,97,100,4.16,light rain
679,Abhar,IR,36.1468,49.218,62.56,59,0,3.53,clear sky
680,Saint-Georges,GD,12.0564,-61.7485,80.94,79,94,11.65,overcast clouds
681,Huarmey,PE,-10.0681,-78.1522,66.11,78,28,8.79,scattered clouds
682,Khash,IR,28.2211,61.2158,69.03,20,0,4.25,clear sky
683,Pisco,PE,-13.7,-76.2167,63.01,82,40,6.91,scattered clouds
684,Pavilosta,LV,56.8879,21.1859,48.15,77,9,6.53,clear sky
685,Eyl,SO,7.9803,49.8164,77.86,69,47,22.19,scattered clouds
686,Ust-Tsilma,RU,65.441,52.1498,37.04,98,68,8.12,broken clouds
687,Ocos,GT,14.5094,-92.1933,84.72,79,98,8.63,overcast clouds
688,Moyale,KE,3.5167,39.0584,72.46,46,99,21.7,overcast clouds
689,Atikokan,CA,48.7555,-91.6216,76.78,42,99,8.48,overcast clouds
690,Nueva Loja,EC,0.0847,-76.8828,75.22,94,75,1.14,light rain
691,Cap-Aux-Meules,CA,47.3821,-61.8597,60.85,100,90,14.97,moderate rain
692,Teguise,ES,29.0605,-13.564,71.82,78,20,11.5,few clouds
693,Zdvinsk,RU,54.7021,78.661,50.65,88,97,17.67,overcast clouds
694,Manbij,SY,36.5281,37.9549,72.37,76,0,16.98,clear sky
695,Biloela,AU,-24.4167,150.5,62.82,59,3,1.01,clear sky
